"CrimeDate","CrimeTime","CrimeCode","Location","Description","Inside\/Outside","Weapon","Post","District","Neighborhood","Longitude","Latitude","Location 1","Premise","vri_name1","Total Incidents"
1546214400000,"10:19:00","1O","0 W 20TH ST","HOMICIDE","Outside","OTHER",141,"NORTHERN","CHARLES NORTH",-76.617044,39.31218,null,"STREET",null,1
1546128000000,"05:32:00","1A","400 GOLD ST","HOMICIDE","Outside","FIREARM",131,"CENTRAL","DRUID HEIGHTS",-76.636736,39.309524,null,"STREET",null,1
1546128000000,"15:30:00","1A","1000 N FRANKLINTOWN RD","HOMICIDE","Outside","FIREARM",814,"SOUTHWEST","FRANKLINTOWN ROAD",-76.668079,39.298946,null,"PUBLIC AREA",null,1
1545696000000,"18:50:00","1A","5500 REISTERSTOWN RD","HOMICIDE","Outside","FIREARM",623,"NORTHWEST","WOODMERE",-76.691015,39.348181,null,"PARKING LOT",null,1
1545350400000,"21:48:00","1A","800 35TH ST","HOMICIDE","Outside","FIREARM",515,"NORTHERN","WAVERLY",-76.6052441886,39.330608095,null,"STREET",null,1
1545350400000,"14:27:00","1O","6500 REISTERSTOWN RD","HOMICIDE","Outside","OTHER",631,"NORTHWEST","REISTERSTOWN STATION",-76.7026982643,39.3562759846,null,"PARKING LOT",null,1
1545350400000,"00:03:00","1A","700 S BROADWAY","HOMICIDE","Inside","FIREARM",213,"SOUTHEAST","FELLS POINT",-76.593532,39.283457,null,"COMMON BUSINESS",null,1
1545177600000,"13:02:00","1A","1700 PRESSTMAN ST","HOMICIDE","Outside","FIREARM",742,"WESTERN","SANDTOWN-WINCHESTER",-76.6448086098,39.3053679823,null,"STREET",null,1
1545177600000,"13:10:00","1A","2200 RUSKIN AV","HOMICIDE","Outside","FIREARM",732,"WESTERN","WOODBROOK",-76.6477666474,39.3150905158,null,"STREET","Western",1
1545177600000,"23:27:00","1A","1800 BAKER ST","HOMICIDE","Outside","FIREARM",742,"WESTERN","SANDTOWN-WINCHESTER",-76.6472040914,39.3066647959,null,"STREET","Western",1
1544832000000,"22:30:00","1A","2900 GARRISON BLVD","HOMICIDE","Inside","FIREARM",641,"NORTHWEST","HANLON\/LONGWOOD",-76.677171,39.320287,null,"COMMON BUSINESS",null,1
1544745600000,"10:59:00","1A","1600 E BIDDLE ST","HOMICIDE","Outside","FIREARM",343,"EASTERN","OLIVER",-76.5960080112,39.3042714021,null,"STREET",null,1
1544659200000,"22:00:00","1A","2800 PELHAM AV","HOMICIDE","Outside","FIREARM",432,"NORTHEAST","BELAIR-EDISON",-76.5712771076,39.325067367,null,"STREET",null,1
1544659200000,"13:23:00","1A","0 REEDBIRD AV","HOMICIDE","Outside","FIREARM",922,"SOUTHERN","MIDDLE BRANCH\/REEBIRD PARKS",-76.613974,39.24982,null,"VEHICLE",null,1
1544572800000,"09:20:00","1A","2500 E BIDDLE ST","HOMICIDE","Outside","FIREARM",332,"EASTERN","BEREA",-76.582634,39.304776,null,"STREET","Eastern 2",1
1544572800000,"01:07:00","1A","2000 E HOFFMAN ST","HOMICIDE","Outside","FIREARM",331,"EASTERN","BROADWAY EAST",-76.5898799555,39.3066442973,null,"STREET",null,1
1544400000000,"14:32:00","1A","2400 REISTERSTOWN RD","HOMICIDE","Outside","FIREARM",731,"WESTERN","MONDAWMIN",-76.6493905682,39.315741574,null,"STREET","Western",1
1544400000000,"20:38:00","1A","500 DOLPHIN ST","HOMICIDE","Outside","FIREARM",123,"CENTRAL","UPTON",-76.6279086222,39.3009358568,null,"STREET","Central",1
1544140800000,"00:00:00","1A","4700 N FRANKLINTOWN RD","HOMICIDE","Outside","FIREARM",821,"SOUTHWEST","WEST HILLS",-76.6972717529,39.3013172331,null,"STREET",null,1
1544140800000,"07:46:00","1A","300 S MONROE ST","HOMICIDE","Outside","FIREARM",934,"SOUTHERN","CARROLLTON RIDGE",-76.646744,39.284212,null,"STREET","Tri-District",1
1543795200000,"18:41:00","1A","900 E PRESTON ST","HOMICIDE","Outside","FIREARM",311,"EASTERN","JOHNSTON SQUARE",-76.605081,39.304967,null,"STREET",null,1
1543795200000,"19:25:00","1A","700 N LAKEWOOD AV","HOMICIDE","Outside","FIREARM",323,"EASTERN","MADISON EASTEND",-76.5795322878,39.2993288412,null,"STREET","Eastern 2",1
1543795200000,"18:41:00","1A","900 E PRESTON ST","HOMICIDE","Outside","FIREARM",311,"EASTERN","JOHNSTON SQUARE",-76.605081,39.304967,null,"STREET",null,1
1543708800000,"20:03:00","1A","2200 CHRISTIAN ST","HOMICIDE","Outside","FIREARM",841,"SOUTHWEST","CARROLLTON RIDGE",-76.6513208797,39.2812340436,null,"STREET","Tri-District",1
1543622400000,"18:44:00","1A","2400 BRENTWOOD AV","HOMICIDE","Outside","FIREARM",341,"EASTERN","BARCLAY",-76.610443,39.31628,null,"PUBLIC AREA",null,1
1543622400000,"00:34:00","1K","1000 VALLEY ST","HOMICIDE","Outside","KNIFE",311,"EASTERN","JOHNSTON SQUARE",-76.6049202939,39.3014984372,null,"PUBLIC AREA",null,1
1543622400000,"18:44:00","1A","2400 BRENTWOOD AV","HOMICIDE","Outside","FIREARM",341,"EASTERN","BARCLAY",-76.610443,39.31628,null,"PUBLIC AREA",null,1
1543536000000,"00:00:00","1A","5400 REISTERSTOWN RD","HOMICIDE","Outside","FIREARM",623,"NORTHWEST","WOODMERE",-76.6894397323,39.3471642054,null,"VEHICLE",null,1
1543449600000,"21:00:00","1A","3800 ECHODALE AV","HOMICIDE","Inside","FIREARM",426,"NORTHEAST","WALTHERSON",-76.555695,39.342246,null,"DWELLING",null,1
1543363200000,"18:42:00","1O","600 N FREMONT AV","HOMICIDE","Outside","OTHER",713,"WESTERN","HARLEM PARK",-76.6326434234,39.2957139987,null,"STREET","Central",1
1543363200000,"17:24:00","1A","1900 W LANVALE ST","HOMICIDE","Outside","FIREARM",722,"WESTERN","MIDTOWN EDMONDSON",-76.6475138485,39.2975874438,null,"STREET",null,1
1543104000000,"14:56:00","1A","3800 W BELVEDERE AV","HOMICIDE","Outside","FIREARM",633,"NORTHWEST","ARLINGTON",-76.681468,39.345293,null,"PUBLIC AREA","Northwestern",1
1543104000000,"11:27:00","1A","1000 APPLETON ST","HOMICIDE","Outside","FIREARM",722,"WESTERN","MIDTOWN EDMONDSON",-76.648432,39.300139,null,"ALLEY",null,1
1543104000000,"01:21:00","1A","5600 MIDWOOD AV","HOMICIDE","Outside","FIREARM",523,"NORTHERN",null,-76.600531,39.357345,null,"STREET",null,1
1542758400000,"12:04:00","1A","300 E 28TH ST","HOMICIDE","Outside","FIREARM",513,"NORTHERN","HARWOOD",-76.6123447315,39.3221418653,null,"STREET",null,1
1542585600000,"16:40:00","1A","1100 MCCULLOH ST","HOMICIDE","Outside","FIREARM",123,"CENTRAL","UPTON",-76.625835,39.300951,null,"STREET",null,1
1542412800000,"21:54:00","1A","800 W LEXINGTON ST","HOMICIDE","Outside","FIREARM",712,"WESTERN","POPPLETON",-76.6307238998,39.2911283837,null,"STREET",null,1
1542326400000,"17:10:00","1A","1200 MC CULLOH ST","HOMICIDE","Outside","FIREARM",123,"CENTRAL","UPTON",-76.6270241685,39.3019244212,null,"STREET",null,1
1542326400000,"10:20:00","1A","800 N LUZERNE AV","HOMICIDE","Outside","FIREARM",323,"EASTERN","MILTON-MONTFORD",-76.5810147092,39.3003886141,null,"ALLEY","Eastern 2",1
1542326400000,"16:00:00","1K","400 WALTON CT","HOMICIDE","Inside","KNIFE",123,"CENTRAL","UPTON",-76.6249489172,39.2997051681,null,"DWELLING",null,1
1542153600000,"16:38:00","1A","1100 RAMBLEWOOD RD","HOMICIDE","Outside","FIREARM",522,"NORTHERN","GLEN OAKS",-76.5965369012,39.3622648012,null,"STREET",null,1
1541808000000,"14:48:00","1A","4600 YORK RD","HOMICIDE","Outside","FIREARM",524,"NORTHERN","WILSON PARK",-76.609477,39.34476,null,"STREET",null,1
1541721600000,"12:22:00","1O","1200 SAINT PAUL ST","HOMICIDE","Inside","OTHER",141,"CENTRAL","MID-TOWN BELVEDERE",-76.6147660696,39.3040563714,null,"DWELLING",null,1
1541635200000,"18:53:00","1A","2300 E CHASE ST","HOMICIDE","Outside","FIREARM",322,"EASTERN","BIDDLE STREET",-76.584976058,39.3036396447,null,"STREET","Eastern 2",1
1541635200000,"13:27:00","1A","4900 WILLISTON ST","HOMICIDE","Outside","FIREARM",833,"SOUTHWEST","COLDSPRING",-76.6981026375,39.2762955934,null,"STREET",null,1
1541289600000,"05:35:00","1A","2400 FRANCIS ST","HOMICIDE","Outside","FIREARM",733,"WESTERN","PENN NORTH",-76.6408901923,39.3118643994,null,"STREET","Western",1
1540944000000,"14:17:00","1A","200 N MONASTERY AV","HOMICIDE","Inside","FIREARM",843,"SOUTHWEST","ALLENDALE",-76.6746703228,39.2893983943,null,"COMMON BUSINESS",null,1
1540944000000,"21:25:00","1A","2200 W PATAPSCO AV","HOMICIDE","Outside","FIREARM",923,"SOUTHERN","LAKELAND",-76.6461024552,39.251502435,null,"STREET",null,1
1540944000000,"22:12:00","1A","800 E 22ND ST","HOMICIDE","Outside","FIREARM",342,"EASTERN","EAST BALTIMORE MIDWA",-76.606649,39.314663,null,"STREET",null,1
1540857600000,"00:57:00","1A","4700 WABASH AV","HOMICIDE","Outside","FIREARM",643,"NORTHWEST","DOLFIELD",-76.674776,39.337336,null,"STREET",null,1
1540771200000,"02:47:00","1A","1300 BONAPARTE AV","HOMICIDE","Outside","FIREARM",342,"EASTERN","EAST BALTIMORE MIDWA",-76.598748,39.314677,null,"ALLEY","Eastern 1",1
1540598400000,"20:43:00","1A","5300 PLYMOUTH RD","HOMICIDE","Outside","FIREARM",423,"NORTHEAST","HARFORD-ECHODALE-PER",-76.5715143672,39.353820764,null,"STREET",null,1
1540339200000,"20:58:00","1A","2700 GARRISON BLVD","HOMICIDE","Outside","FIREARM",641,"NORTHWEST","GARWYN OAKS",-76.676844,39.319299,null,"PUBLIC AREA",null,1
1540252800000,"00:19:00","1A","4000 BRENDAN AV","HOMICIDE","Outside","FIREARM",432,"NORTHEAST","BELAIR-EDISON",-76.5667072601,39.3152806046,null,"STREET",null,1
1540166400000,"23:29:00","1A","2800 OSWEGO AV","HOMICIDE","Outside","FIREARM",613,"NORTHWEST","TOWANDA-GRANTLEY",-76.6654232902,39.3348009652,null,"STREET",null,1
1540080000000,"15:20:00","1K","1600 BRUCE CT","HOMICIDE","Outside","KNIFE",742,"WESTERN","SANDTOWN-WINCHESTER",-76.6454180995,39.3069552088,null,"PUBLIC HOUSING","Western",1
1540080000000,"12:27:00","1K","2900 BRIGHTON ST","HOMICIDE","Inside","KNIFE",813,"SOUTHWEST","NORTHWEST COMMUNITY",-76.6665726317,39.3052159679,null,"DWELLING",null,1
1540080000000,"19:31:00","1A","500 NORMANDY AV","HOMICIDE","Outside","FIREARM",843,"SOUTHWEST","ALLENDALE",-76.6815799586,39.2926358407,null,"STREET",null,1
1539820800000,"09:31:00","1A","4000 TOWANDA AV","HOMICIDE","Outside","FIREARM",613,"NORTHWEST","TOWANDA-GRANTLEY",-76.6656782278,39.3341061304,null,"PUBLIC AREA",null,1
1539820800000,"12:21:00","1A","4100 CRANSTON AV","HOMICIDE","Outside","FIREARM",844,"SOUTHWEST","EDMONDSON VILLAGE",-76.6844776896,39.2963220272,null,"STREET",null,1
1539820800000,"12:17:00","1A","2600 SAINT BENEDICT ST","HOMICIDE","Outside","FIREARM",841,"SOUTHWEST","MILL HILL",-76.658985,39.278603,null,"STREET",null,1
1539734400000,"08:04:00","1A","2400 BAKER ST","HOMICIDE","Outside","FIREARM",723,"WESTERN","COPPIN HEIGHTS\/ASHBU",-76.6563861171,39.3063315653,null,"STREET",null,1
1539648000000,"14:34:00","1A","1800 W FAYETTE ST","HOMICIDE","Outside","FIREARM",711,"WESTERN",null,-76.645314,39.28956,null,"STREET",null,1
1539648000000,"18:21:00","1A","1100 N CAREY ST","HOMICIDE","Outside","FIREARM",743,"WESTERN","SANDTOWN-WINCHESTER",-76.6388728634,39.3013483353,null,"STREET","Central",1
1539648000000,"12:11:00","1A","2400 PENNSYLVANIA AV","HOMICIDE","Outside","FIREARM",733,"WESTERN","PENN NORTH",-76.641775001,39.3094258729,null,"STREET","Western",1
1539475200000,"11:30:00","1A","1500 N BOND ST","HOMICIDE","Outside","FIREARM",343,"EASTERN","BEREA",-76.5968252513,39.3075543514,null,"STREET","Eastern 1",1
1539302400000,"23:00:00","1A","3400 LEVERTON AV","HOMICIDE","Outside","FIREARM",223,"SOUTHEAST","BALTIMORE HIGHLANDS",-76.568757889,39.2918527884,null,"STREET",null,1
1539043200000,"21:24:00","1A","1900 W FAYETTE ST","HOMICIDE","Outside","FIREARM",714,"WESTERN","PENROSE\/FAYETTE ST OUTREACH",-76.6472768959,39.2895022438,null,"STREET",null,1
1538956800000,"23:59:00","1A","2800 LAKE AV","HOMICIDE","Outside","FIREARM",432,"NORTHEAST","BELAIR-EDISON",-76.5738696969,39.3238869987,null,"STREET",null,1
1538956800000,"14:34:00","1O","1000 MOSHER ST","HOMICIDE","Inside","OTHER",743,"WESTERN",null,-76.63552,39.300256,null,"DWELLING","Central",1
1538870400000,"23:30:00","1A","1800 N FULTON AV","HOMICIDE","Outside","FIREARM",742,"WESTERN","SANDTOWN-WINCHESTER",-76.6464791024,39.3089487214,null,"PUBLIC AREA","Western",1
1538697600000,"18:52:00","1A","2600 COLE ST","HOMICIDE","Outside","FIREARM",841,"SOUTHWEST","MILL HILL",-76.656171,39.278159,null,"STREET",null,1
1538697600000,"17:47:00","1A","2500 HOLLINS ST","HOMICIDE","Inside","FIREARM",842,"SOUTHWEST","SHIPLEY HILL",-76.658111,39.286693,null,"PUBLIC AREA",null,1
1538611200000,"00:24:00","1A","4400 LIBERTY HEIGHTS AV","HOMICIDE","Outside","FIREARM",622,"NORTHWEST","HOWARD PARK",-76.6915892634,39.3301409555,null,"VEHICLE",null,1
1538611200000,"23:05:00","1A","3300 CARDENAS AV","HOMICIDE","Outside","FIREARM",432,"NORTHEAST","BELAIR-EDISON",-76.575572,39.322812,null,"STREET",null,1
1538524800000,"15:27:00","1K","1300 N FULTON AV","HOMICIDE","Inside","KNIFE",743,"WESTERN","SANDTOWN-WINCHESTER",-76.6463345311,39.3035016738,null,"DWELLING",null,1
1538438400000,"20:27:00","1A","400 HOMELAND AV","HOMICIDE","Outside","FIREARM",523,"NORTHERN","HOMELAND",-76.614261,39.353978,null,"STREET",null,1
1538438400000,"22:43:00","1A","4300 PARK HEIGHTS AV","HOMICIDE","Outside","FIREARM",614,"NORTHWEST","CENTRAL PARK HEIGHTS",-76.6651212829,39.3378109877,null,"STREET",null,1
1538352000000,"13:15:00","1A","3000 OAKLEY AV","HOMICIDE","Inside","FIREARM",614,"NORTHWEST","CENTRAL PARK HEIGHTS",-76.670529711,39.3478082605,null,"DWELLING",null,1
1538352000000,"10:22:00","1A","3000 BELMONT AV","HOMICIDE","Outside","FIREARM",813,"SOUTHWEST","ROSEMONT",-76.6674838659,39.303466545,null,"ALLEY",null,1
1538265600000,"00:00:00","1A","4000 BALFERN AV","HOMICIDE","Outside","FIREARM",432,"NORTHEAST","BELAIR-EDISON",-76.55961,39.317169,null,"STREET",null,1
1538265600000,"03:00:00","1A","2800 W BELVEDERE AV","HOMICIDE","Outside","FIREARM",633,"NORTHWEST","PIMLICO GOOD NEIGHBO",-76.6701524419,39.3521788915,null,"STREET",null,1
1538265600000,"18:40:00","1A","1500 N ROSEDALE ST","HOMICIDE","Outside","FIREARM",813,"SOUTHWEST","ROSEMONT",-76.6691054448,39.3048646312,null,"STREET",null,1
1538265600000,"02:20:00","1A","0 S CALVERT ST","HOMICIDE","Outside","FIREARM",111,"CENTRAL","MORGAN STATE UNIVERS",-76.6122512327,39.2895392112,null,"STREET",null,1
1538265600000,"19:30:00","1A","3300 W BALTIMORE ST","HOMICIDE","Outside","FIREARM",842,"SOUTHWEST",null,-76.672353,39.285833,null,"PUBLIC AREA",null,1
1538179200000,"22:08:00","1A","5500 SINCLAIR LA","HOMICIDE","Outside","FIREARM",444,"NORTHEAST","FRANKFORD",-76.5382902204,39.3249350043,null,"STREET",null,1
1538179200000,"19:40:00","1A","2500 E BIDDLE ST","HOMICIDE","Outside","FIREARM",332,"EASTERN","BEREA",-76.582634,39.304776,null,"STREET","Eastern 2",1
1538092800000,"13:34:00","1A","1200 DRUID HILL AV","HOMICIDE","Outside","FIREARM",123,"CENTRAL","UPTON",-76.627608,39.301194,null,"STREET","Central",1
1538006400000,"10:49:00","1A","500 CHATEAU AV","HOMICIDE","Outside","FIREARM",524,"NORTHERN","WINSTON-GOVANS",-76.6089901588,39.350841576,null,"STREET",null,1
1538006400000,"00:20:00","1A","1300 WARD ST","HOMICIDE","Outside","FIREARM",932,"SOUTHERN","WASHINGTON VILLAGE",-76.634849,39.280208,null,"STREET",null,1
1538006400000,"19:37:00","1A","1200 RIVERSIDE AV","HOMICIDE","Outside","FIREARM",942,"SOUTHERN","RIVERSIDE",-76.6088990206,39.2762531568,null,"STREET",null,1
1537920000000,"19:46:00","1A","200 S CATHERINE ST","HOMICIDE","Outside","FIREARM",842,"SOUTHWEST","SHIPLEY HILL",-76.655939,39.284273,null,"STREET","Tri-District",1
1537920000000,"22:18:00","1A","1300 STONEWOOD RD","HOMICIDE","Outside","FIREARM",413,"NORTHEAST","NEW NORTHWOOD",-76.5960841777,39.3489484425,null,"STREET",null,1
1537833600000,"23:55:00","1A","5100 CURTIS AV","HOMICIDE","Outside","FIREARM",911,"SOUTHERN","CURTIS BAY",-76.5864304508,39.2204640472,null,"STREET",null,1
1537747200000,"11:39:00","1A","1400 N MOUNT ST","HOMICIDE","Outside","FIREARM",743,"WESTERN","SANDTOWN-WINCHESTER",-76.6447262429,39.3044156054,null,"STREET",null,1
1537747200000,"00:28:00","1K","4900 MIDWOOD AV","HOMICIDE","Inside","KNIFE",524,"NORTHERN","BOLTON HILL",-76.6038184057,39.3477699985,null,"DWELLING",null,1
1537574400000,"01:00:00","1A","100 N MONASTERY AV","HOMICIDE","Inside","FIREARM",842,"SOUTHWEST","ALLENDALE",-76.675225,39.288882,null,"DWELLING",null,1
1537401600000,"19:23:00","1A","4100 CALLAWAY AV","HOMICIDE","Outside","FIREARM",642,"NORTHWEST","DOLFIELD",-76.676581,39.335599,null,"VEHICLE",null,1
1537315200000,"01:20:00","1A","4900 CORDELIA AV","HOMICIDE","Outside","FIREARM",613,"NORTHWEST","LANGSTON HUGHES",-76.678762,39.343047,null,"VEHICLE","Northwestern",1
1537228800000,"19:52:00","1A","100 N CULVER ST","HOMICIDE","Outside","FIREARM",842,"SOUTHWEST","ALLENDALE",-76.6756581968,39.2877949718,null,"STREET",null,1
1537228800000,"14:15:00","1K","1300 N PATTERSON PARK AV","HOMICIDE","Outside","KNIFE",331,"EASTERN","BROADWAY EAST",-76.5856012961,39.3058850158,null,"STREET",null,1
1537228800000,"10:58:00","1A","1600 N MONROE ST","HOMICIDE","Outside","FIREARM",741,"WESTERN","EASTERWOOD",-76.648018353,39.3067971418,null,"STREET","Western",1
1537142400000,"01:23:00","1A","100 N SMALLWOOD ST","HOMICIDE","Outside","FIREARM",714,"WESTERN","PENROSE\/FAYETTE ST OUTREACH",-76.65159,39.289648,null,"STREET",null,1
1537142400000,"00:09:00","1A","3000 ROSEDALE CT","HOMICIDE","Inside","FIREARM",813,"SOUTHWEST","ROSEMONT",-76.66838,39.30234,null,"DWELLING",null,1
1536969600000,"02:00:00","1A","700 N GRANTLEY ST","HOMICIDE","Outside","FIREARM",844,"SOUTHWEST","EDMONDSON VILLAGE",-76.677326,39.295255,null,"STREET",null,1
1536883200000,"12:36:00","1K","5600 TRAMORE RD","HOMICIDE","Inside","KNIFE",423,"NORTHEAST","HARFORD-ECHODALE-PER",-76.5670636172,39.3578365283,null,"DWELLING",null,1
1536883200000,"00:16:00","1A","4800 GARRISON BLVD","HOMICIDE","Outside","FIREARM",621,"NORTHWEST","DOLFIELD",-76.683497,39.340797,null,"STREET",null,1
1536883200000,"22:39:00","1A","3400 6TH ST","HOMICIDE","Outside","FIREARM",913,"SOUTHERN","BROOKLYN",-76.600273,39.240422,null,"STREET",null,1
1536624000000,"22:34:00","1A","2900 E MONUMENT ST","HOMICIDE","Outside","FIREARM",323,"EASTERN","ELLWOOD PARK\/MONUMEN",-76.5765484668,39.2991107459,null,"STREET",null,1
1536019200000,"23:11:00","1A","1600 E EAGER ST","HOMICIDE","Outside","FIREARM",313,"EASTERN","GAY STREET",-76.596402,39.30182,null,"STREET",null,1
1536019200000,"23:00:00","1O","3000 INDEPENDENCE ST","HOMICIDE","Outside","OTHER",513,"NORTHERN","BETTER WAVERLY",-76.603398,39.324348,null,"PUBLIC AREA",null,1
1535932800000,"17:03:00","1A","1500 PLUM ST","HOMICIDE","Outside","FIREARM",911,"SOUTHERN","CURTIS BAY",-76.5896969955,39.2283280635,null,"STREET",null,1
1535932800000,"13:59:00","1A","600 N ELLWOOD AV","HOMICIDE","Outside","FIREARM",224,"SOUTHEAST","ELLWOOD PARK\/MONUMEN",-76.5737976754,39.2984483593,null,"STREET",null,1
1535932800000,"05:46:00","1A","3900 EDMONDSON AV","HOMICIDE","Outside","FIREARM",844,"SOUTHWEST","EDMONDSON VILLAGE",-76.681241,39.293899,null,"DAY CARE FACILITY",null,1
1535760000000,"21:44:00","1A","2300 N LONGWOOD ST","HOMICIDE","Outside","FIREARM",811,"SOUTHWEST","WALBROOK",-76.667841,39.313369,null,"STREET",null,1
1535587200000,"11:51:00","1O","2300 WINCHESTER ST","HOMICIDE","Inside","OTHER",723,"WESTERN","BRIDGEVIEW\/GREENLAWN",-76.654134,39.301742,null,"DWELLING",null,1
1535587200000,"03:12:00","1A","1500 GLENEAGLE RD","HOMICIDE","Outside","FIREARM",415,"NORTHEAST","MORGAN STATE UNIVERS",-76.5862399311,39.3623280132,null,"VEHICLE",null,1
1535414400000,"20:30:00","1A","3000 EDGEWOOD ST","HOMICIDE","Outside","FIREARM",642,"NORTHWEST","FOREST PARK",-76.6765410259,39.3214049153,null,"STREET",null,1
1535155200000,"19:59:00","1A","1400 N MOUNT ST","HOMICIDE","Outside","FIREARM",743,"WESTERN","SANDTOWN-WINCHESTER",-76.6447262429,39.3044156054,null,"PUBLIC AREA",null,1
1534896000000,"20:01:00","1A","3800 HARLEM AV","HOMICIDE","Outside","FIREARM",844,"SOUTHWEST","EDMONDSON VILLAGE",-76.6803465909,39.2951700792,null,"STREET",null,1
1534896000000,"09:08:00","1O","3400 7TH ST","HOMICIDE","Inside","OTHER",913,"SOUTHERN","BROOKLYN",-76.599209,39.238983,null,"DWELLING",null,1
1534896000000,"21:20:00","1A","700 E PRESTON ST","HOMICIDE","Outside","FIREARM",311,"EASTERN","JOHNSTON SQUARE",-76.6081057682,39.304862017,null,"STREET",null,1
1534809600000,"01:17:00","1A","4000 BIDDISON LA","HOMICIDE","Outside","FIREARM",426,"NORTHEAST","WALTHERSON",-76.55507,39.33912,null,"STREET",null,1
1534723200000,"13:26:00","1A","1800 W SARATOGA ST","HOMICIDE","Outside","FIREARM",711,"WESTERN","FRANKLIN SQUARE",-76.6454831159,39.2920889043,null,"STREET",null,1
1534550400000,"19:25:00","1A","200 S HILTON ST","HOMICIDE","Inside","FIREARM",842,"SOUTHWEST","CARROLL-SOUTH HILTON",-76.6718140632,39.2827680578,null,"DWELLING",null,1
1534550400000,"13:55:00","1A","2300 HARFORD RD","HOMICIDE","Outside","FIREARM",342,"EASTERN","EAST BALTIMORE MIDWA",-76.5962721166,39.3158816823,null,"STREET","Eastern 1",1
1534464000000,"20:11:00","1A","1800 WASHINGTON BLVD","HOMICIDE","Outside","FIREARM",935,"SOUTHERN","CARROLL PARK",-76.642195,39.275346,null,"STREET",null,1
1534377600000,"07:51:00","1A","1100 DESOTO RD","HOMICIDE","Outside","FIREARM",832,"SOUTHWEST","MORRELL PARK",-76.6637152156,39.271438292,null,"STREET",null,1
1534291200000,"13:48:00","1A","2500 WOODBROOK AV","HOMICIDE","Outside","FIREARM",733,"WESTERN","PENN NORTH",-76.643047,39.312003,null,"STREET","Western",1
1534291200000,"20:30:00","1A","2900 CHERRYLAND RD","HOMICIDE","Outside","FIREARM",922,"SOUTHERN","CHERRY HILL",-76.6250309864,39.2489078756,null,"PUBLIC HOUSING",null,1
1534204800000,"16:01:00","1A","3800 NORFOLK AV","HOMICIDE","Outside","FIREARM",642,"NORTHWEST","CONCERNED CITIZENS O",-76.6828392633,39.3248181191,null,"STREET",null,1
1533945600000,"21:50:00","1A","1500 MADISON AV","HOMICIDE","Outside","FIREARM",132,"CENTRAL","MADISON PARK",-76.6291454117,39.3048161075,null,"STREET",null,1
1533772800000,"00:00:00","1A","2500 HOLLINS ST","HOMICIDE","Outside","FIREARM",842,"SOUTHWEST","SHIPLEY HILL",-76.6566376078,39.2867780086,null,"STREET",null,1
1533772800000,"17:25:00","1A","900 N BROADWAY","HOMICIDE","Outside","FIREARM",313,"EASTERN","GAY STREET",-76.594569,39.300519,null,"STREET",null,1
1533772800000,"02:04:00","1K","5500 PARK HEIGHTS AV","HOMICIDE","Outside","KNIFE",633,"NORTHWEST","ARLINGTON",-76.6834516416,39.3517697255,null,"PUBLIC AREA",null,1
1533686400000,"13:38:00","1A","5400 CEDONIA AV","HOMICIDE","Outside","FIREARM",441,"NORTHEAST","CEDONIA",-76.5328636553,39.3311122838,null,"VACANT DWELLING",null,1
1533600000000,"05:22:00","1O","3700 OAKMONT AV","HOMICIDE","Outside","OTHER",613,"NORTHWEST","CENTRAL PARK HEIGHTS",-76.6774818718,39.3426126382,null,"DWELLING","Northwestern",1
1533600000000,"13:12:00","1A","4500 WOODLEA AV","HOMICIDE","Inside","FIREARM",443,"NORTHEAST","FRANKFORD",-76.553751,39.331602,null,"DWELLING",null,1
1533600000000,"16:10:00","1A","1800 N MOUNT ST","HOMICIDE","Outside","FIREARM",742,"WESTERN","SANDTOWN-WINCHESTER",-76.6451958608,39.3090864453,null,"VEHICLE","Western",1
1533513600000,"09:32:00","1A","2400 JEFFERSON ST","HOMICIDE","Outside","FIREARM",221,"SOUTHEAST","MCELDERRY PARK",-76.583259,39.296659,null,"STREET",null,1
1533427200000,"19:35:00","1A","2400 WILKENS AV","HOMICIDE","Outside","FIREARM",841,"SOUTHWEST","MILL HILL",-76.653584,39.279823,null,"STREET",null,1
1533254400000,"03:05:00","1A","6100 HARFORD RD","HOMICIDE","Outside","FIREARM",424,"NORTHEAST","WESTFIELD",-76.556029,39.35853,null,"PARKING LOT",null,1
1533081600000,"01:50:00","1A","3600 6TH ST","HOMICIDE","Outside","FIREARM",913,"SOUTHERN","BROOKLYN",-76.602605,39.235675,null,"STREET","Brooklyn",1
1533081600000,"16:00:00","1O","500 E PRESTON ST","HOMICIDE","Inside","OTHER",311,"EASTERN","JOHNSTON SQUARE",-76.609281,39.304748,null,"DWELLING",null,1
1533081600000,"18:10:00","1A","4200 BERGER AV","HOMICIDE","Outside","FIREARM",444,"NORTHEAST","FRANKFORD",-76.547392,39.340013,null,"ALLEY",null,1
1532995200000,"02:25:00","1A","300 S MONROE ST","HOMICIDE","Inside","FIREARM",934,"SOUTHERN","CARROLLTON RIDGE",-76.646707,39.283569,null,"COMMON BUSINESS","Tri-District",1
1532995200000,"00:09:00","1A","1300 W OSTEND ST","HOMICIDE","Outside","FIREARM",932,"SOUTHERN","WASHINGTON VILLAGE",-76.6342760305,39.2819928446,null,"STREET",null,1
1532822400000,"05:12:00","1A","2100 PRESBURY ST","HOMICIDE","Outside","FIREARM",741,"WESTERN","EASTERWOOD",-76.651225,39.307767,null,"STREET","Western",1
1532476800000,"23:15:00","1A","400 S PAYSON ST","HOMICIDE","Outside","FIREARM",934,"SOUTHERN","CARROLLTON RIDGE",-76.6484034109,39.2827288455,null,"STREET","Tri-District",1
1532217600000,"00:07:00","1A","900 E 37TH ST","HOMICIDE","Outside","FIREARM",412,"NORTHEAST","EDNOR GARDENS-LAKESI",-76.604161,39.333396,null,"STREET",null,1
1532131200000,"19:20:00","1A","1200 DARLEY AV","HOMICIDE","Outside","FIREARM",342,"EASTERN","EAST BALTIMORE MIDWA",-76.599121,39.316315,null,"STREET","Eastern 1",1
1532131200000,"07:04:00","1A","2700 RITTENHOUSE AV","HOMICIDE","Outside","FIREARM",923,"SOUTHERN","LAKELAND",-76.643564,39.255013,null,"PUBLIC AREA",null,1
1532131200000,"15:59:00","1A","500 OLDTOWN MALL","HOMICIDE","Outside","FIREARM",312,"EASTERN",null,-76.6041336269,39.2961664273,null,"STREET",null,1
1532044800000,"16:05:00","1A","1700 N ROSEDALE ST","HOMICIDE","Outside","FIREARM",813,"SOUTHWEST","ROSEMONT",-76.669236,39.307112,null,"STREET",null,1
1532044800000,"02:10:00","1O","800 PARK AV","HOMICIDE","Outside","OTHER",142,"CENTRAL",null,-76.6184943214,39.2987585217,null,"STREET",null,1
1531958400000,"16:30:00","1A","500 LYNDHURST ST","HOMICIDE","Outside","FIREARM",843,"SOUTHWEST","ALLENDALE",-76.68059,39.29256,null,"VEHICLE",null,1
1531958400000,"21:39:00","1O","2800 FOREST GLEN RD","HOMICIDE","Inside","OTHER",641,"NORTHWEST","WEST FOREST PARK",-76.6943723605,39.3182238936,null,"DWELLING",null,1
1531872000000,"02:53:00","1A","3200 ELLERSLIE AV","HOMICIDE","Outside","FIREARM",513,"NORTHERN","BETTER WAVERLY",-76.6038320019,39.3270891813,null,"PUBLIC AREA",null,1
1531699200000,"07:39:00","1A","4200 N FRANKLINTOWN RD","HOMICIDE","Outside","FIREARM",821,"SOUTHWEST","GWYNNS FALLS\/LEAKIN PARK",-76.6871398613,39.304737973,null,"PUBLIC AREA",null,1
1531612800000,"21:44:00","1A","5300 FRANKFORD AV","HOMICIDE","Outside","FIREARM",444,"NORTHEAST","FRANKFORD",-76.5407962232,39.3244181731,null,"PARKING LOT",null,1
1531612800000,"06:30:00","1A","2200 EAGLE ST","HOMICIDE","Outside","FIREARM",841,"SOUTHWEST","CARROLLTON RIDGE",-76.6502179386,39.2800703514,null,"STREET",null,1
1531180800000,"02:40:00","1A","2400 W GARRISON AV","HOMICIDE","Outside","FIREARM",532,"NORTHERN","CYLBURN",-76.6603049468,39.3499643623,null,"PUBLIC AREA",null,1
1531180800000,"15:13:00","1A","500 W HOFFMAN ST","HOMICIDE","Outside","FIREARM",123,"CENTRAL","UPTON",-76.6266276725,39.3003627683,null,"PUBLIC AREA","Central",1
1531180800000,"19:06:00","1A","1500 WHITELOCK ST","HOMICIDE","Outside","FIREARM",733,"WESTERN","SANDTOWN-WINCHESTER",-76.6404674708,39.3110003244,null,"STREET","Western",1
1531094400000,"02:01:00","1A","400 N HAVEN ST","HOMICIDE","Outside","FIREARM",223,"SOUTHEAST","BALTIMORE HIGHLANDS",-76.563086,39.296419,null,"PARKING LOT",null,1
1531094400000,"11:57:00","1A","800 N BELNORD AV","HOMICIDE","Outside","FIREARM",323,"EASTERN","MADISON EASTEND",-76.5788988617,39.3004066999,null,"STREET","Eastern 2",1
1531094400000,"07:09:00","1A","100 CHERRY HILL RD","HOMICIDE","Inside","FIREARM",922,"SOUTHERN","CHERRY HILL",-76.6175961876,39.2523386047,null,"DWELLING",null,1
1531008000000,"20:34:00","1A","4100 FREDERICK AV","HOMICIDE","Outside","FIREARM",833,"SOUTHWEST","IRVINGTON",-76.6838163597,39.2816997338,null,"STREET",null,1
1530921600000,"23:55:00","1A","1600 PENTWOOD RD","HOMICIDE","Outside","FIREARM",413,"NORTHEAST","STONEWOOD-PENTWOOD-W",-76.5872692882,39.3478267431,null,"ALLEY",null,1
1530835200000,"19:38:00","1A","0 N ABINGTON AV","HOMICIDE","Outside","FIREARM",842,"SOUTHWEST",null,-76.6713479192,39.2865571441,null,"STREET",null,1
1530748800000,"00:38:00","1K","1900 W NORTH AV","HOMICIDE","Outside","KNIFE",731,"WESTERN","MONDAWMIN",-76.6491694684,39.309819897,null,"STREET","Western",1
1530748800000,"03:10:00","1A","500 DENISON ST","HOMICIDE","Outside","FIREARM",843,"SOUTHWEST","ALLENDALE",-76.674094,39.292804,null,"STREET",null,1
1530662400000,"05:15:00","1A","3700 5TH ST","HOMICIDE","Outside","FIREARM",913,"SOUTHERN","BROOKLYN",-76.604446,39.235717,null,"STREET","Brooklyn",1
1530576000000,"13:25:00","1A","1800 RAMSAY ST","HOMICIDE","Outside","FIREARM",934,"SOUTHERN","FAIRFIELD",-76.6450407375,39.2832258102,null,"STREET","Tri-District",1
1530403200000,"10:39:00","1A","1900 N CHARLES ST","HOMICIDE","Outside","FIREARM",141,"CENTRAL","DOWNTOWN",-76.616539,39.311386,null,"PARKING LOT",null,1
1529452800000,"04:03:00","1A","1300 SARGEANT ST","HOMICIDE","Outside","FIREARM",932,"SOUTHERN","WASHINGTON VILLAGE",-76.636375,39.280659,null,"STREET",null,1
1529452800000,"22:51:00","1A","3200 CLARENCE AV","HOMICIDE","Inside","FIREARM",432,"NORTHEAST","BELAIR-EDISON",-76.576064,39.322342,null,"DWELLING",null,1
1529452800000,"12:05:00","1A","2500 W BALTIMORE ST","HOMICIDE","Outside","FIREARM",842,"SOUTHWEST","SHIPLEY HILL",-76.6567129521,39.2877603414,null,"STREET",null,1
1529452800000,"23:59:00","1A","300 W BALTIMORE ST","HOMICIDE","Outside","FIREARM",111,"CENTRAL","DOWNTOWN",-76.6196713511,39.2893846167,null,"STREET",null,1
1529366400000,"02:55:00","1A","4900 LITCHFIELD AV","HOMICIDE","Outside","FIREARM",613,"NORTHWEST","WOODMERE",-76.677260113,39.3434160196,null,"VEHICLE","Northwestern",1
1529280000000,"01:30:00","1A","1000 W NORTH AV","HOMICIDE","Outside","FIREARM",132,"CENTRAL","RESERVOIR HILL",-76.6342168963,39.3102904616,null,"STREET",null,1
1529193600000,"19:41:00","1K","4200 THAYER CT","HOMICIDE","Outside","KNIFE",913,"SOUTHERN","BROOKLYN",-76.5997610539,39.2275568607,null,"STREET",null,1
1529107200000,"22:59:00","1A","900 VALLEY ST","HOMICIDE","Outside","FIREARM",312,"EASTERN","OLDTOWN",-76.60494,39.300304,null,"STREET",null,1
1529107200000,"23:07:00","1A","3900 EDMONDSON AV","HOMICIDE","Outside","FIREARM",843,"SOUTHWEST","ALLENDALE",-76.681454,39.293709,null,"DWELLING",null,1
1529107200000,"23:07:00","1A","3900 EDMONDSON AV","HOMICIDE","Outside","FIREARM",843,"SOUTHWEST","ALLENDALE",-76.681454,39.293709,null,"DWELLING",null,1
1529107200000,"12:47:00","1A","1000 N PAYSON ST","HOMICIDE","Outside","FIREARM",722,"WESTERN","BRIDGEVIEW\/GREENLAWN",-76.649314,39.299751,null,"ALLEY",null,1
1528934400000,"17:47:00","1A","1100 N FREMONT AV","HOMICIDE","Outside","FIREARM",743,"WESTERN","SANDTOWN-WINCHESTER",-76.6360128633,39.3018479073,null,"STREET","Central",1
1528848000000,"01:13:00","1A","2800 Mcelderry St","HOMICIDE","Outside","FIREARM",221,"SOUTHEAST",null,-76.577958,39.297929,null,"STREET",null,1
1528761600000,"13:29:00","1A","5400 CEDONIA AV","HOMICIDE","Outside","FIREARM",441,"NORTHEAST","CEDONIA",-76.532779342,39.3314515152,null,"VACANT DWELLING",null,1
1528761600000,"11:00:00","1O","2400 WESTFIELD AV","HOMICIDE","Outside","OTHER",423,"NORTHEAST","HARFORD-ECHODALE-PER",-76.566436,39.364107,null,"PUBLIC AREA",null,1
1528675200000,"22:07:00","1A","4800 PIMLICO RD","HOMICIDE","Outside","FIREARM",614,"NORTHWEST","CENTRAL PARK HEIGHTS",-76.6689670632,39.3466482101,null,"PUBLIC AREA",null,1
1528675200000,"22:49:00","1A","100 N FREMONT AV","HOMICIDE","Outside","FIREARM",712,"WESTERN","POPPLETON",-76.629552,39.290065,null,"STREET",null,1
1528588800000,"19:23:00","1A","2800 BOARMAN AV","HOMICIDE","Outside","FIREARM",613,"NORTHWEST","TOWANDA-GRANTLEY",-76.6678398254,39.337916792,null,"STREET",null,1
1528502400000,"03:06:00","1A","2200 GERMANIA AV","HOMICIDE","Outside","FIREARM",342,"EASTERN","DARLEY PARK",-76.5962851536,39.3149070527,null,"STREET","Eastern 1",1
1527984000000,"02:17:00","1K","400 MANSE CT","HOMICIDE","Outside","KNIFE",123,"CENTRAL","UPTON",-76.625899,39.302181,null,"STREET",null,1
1527897600000,"15:10:00","1A","1600 N GILMOR ST","HOMICIDE","Outside","FIREARM",742,"WESTERN",null,-76.6434461948,39.3069427576,null,"STREET","Western",1
1527811200000,"23:24:00","1K","3000 ASCENSION ST","HOMICIDE","Inside","KNIFE",922,"SOUTHERN","CHERRY HILL",-76.6193181673,39.2492500418,null,"DWELLING",null,1
1527811200000,"00:15:00","1A","5800 MOORES RUN CT","HOMICIDE","Outside","FIREARM",441,"NORTHEAST","MORGAN STATE UNIVERS",-76.5369220533,39.334492281,null,"STREET",null,1
1527552000000,"19:50:00","1A","200 N DUNCAN ST","HOMICIDE","Outside","FIREARM",321,"EASTERN","HARFORD-ECHODALE-PER",-76.587031,39.294627,null,"DWELLING",null,1
1527120000000,"00:17:00","1A","800 MC ALEER CT","HOMICIDE","Outside","FIREARM",312,"EASTERN","OLDTOWN",-76.606009,39.30025,null,"PUBLIC HOUSING",null,1
1527033600000,"21:20:00","1A","500 SANFORD PL","HOMICIDE","Outside","FIREARM",131,"CENTRAL","DRUID HEIGHTS",-76.640399,39.309786,null,"STREET",null,1
1526947200000,"11:30:00","1A","400 HEAVER ST","HOMICIDE","Outside","FIREARM",341,"EASTERN","BARCLAY",-76.610751575,39.3120340714,null,"STREET",null,1
1526947200000,"09:00:00","1A","5500 CLOVER RD","HOMICIDE","Outside","FIREARM",633,"NORTHWEST","GWYNNS FALLS",-76.6823252573,39.3524074158,null,"STREET",null,1
1526774400000,"12:01:00","1A","2100 HOLLINS ST","HOMICIDE","Outside","FIREARM",842,"SOUTHWEST","BOOTH-BOYD",-76.6502120409,39.2870357824,null,"STREET","Tri-District",1
1526688000000,"20:24:00","1A","4600 YORK RD","HOMICIDE","Outside","FIREARM",521,"NORTHERN","KERNEWOOD",-76.6096588005,39.3444638439,null,"STREET",null,1
1526428800000,"08:30:00","1A","2000 HOLLINS ST","HOMICIDE","Outside","FIREARM",842,"SOUTHWEST","BOOTH-BOYD",-76.6488149556,39.2870997322,null,"STREET","Tri-District",1
1526342400000,"15:56:00","1A","3700 ST MARGARET ST","HOMICIDE","Outside","FIREARM",913,"SOUTHERN","BROOKLYN",-76.614172,39.252711,null,"PUBLIC AREA","Brooklyn",1
1526256000000,"14:30:00","1A","4400 6TH ST","HOMICIDE","Outside","FIREARM",913,"SOUTHERN","DOWNTOWN",-76.5996603303,39.2258178176,null,null,null,1
1526083200000,"22:54:00","1O","2000 MC CULLOH ST","HOMICIDE","Inside","OTHER",131,"CENTRAL","PEN-FALLSWAY",-76.63469,39.308075,null,"DWELLING",null,1
1525824000000,"23:17:00","1A","1200 W NORTH AV","HOMICIDE","Outside","FIREARM",733,"CENTRAL","PENN NORTH",-76.6370694684,39.3103273907,null,"STREET",null,1
1525737600000,"15:30:00","1K","200 WASHBURN AV","HOMICIDE","Inside","KNIFE",913,"SOUTHERN","BROOKLYN",-76.608598,39.235806,null,"DWELLING",null,1
1525737600000,"20:21:00","1A","3600 W MULBERRY ST","HOMICIDE","Outside","FIREARM",843,"SOUTHWEST","ALLENDALE",-76.677314,39.29183,null,"STREET",null,1
1525564800000,"04:33:00","1A","1100 NANTICOKE ST","HOMICIDE","Inside","FIREARM",932,"SOUTHERN","WASHINGTON VILLAGE",-76.6313359058,39.2805034823,null,"DWELLING",null,1
1525564800000,"12:56:00","1A","4100 MOUNTWOOD RD","HOMICIDE","Outside","FIREARM",844,"SOUTHWEST","EDMONDSON VILLAGE",-76.6844910409,39.3006975977,null,"STREET",null,1
1525478400000,"18:08:00","1A","100 S EDEN ST","HOMICIDE","Outside","FIREARM",212,"SOUTHEAST","WASHINGTON HILL",-76.598669,39.290186,null,null,null,1
1525305600000,"13:51:00","1A","2600 QUANTICO AV","HOMICIDE","Outside","FIREARM",533,"NORTHERN","COLDSPRING",-76.6612799604,39.337938907,null,"STREET",null,1
1525132800000,"15:57:00","1K","5900 YORK RD","HOMICIDE","Outside","KNIFE",523,"NORTHERN","ROSEBANK",-76.609972,39.364581,null,"STREET",null,1
1524873600000,"21:34:00","1A","1400 E PRESTON ST","HOMICIDE","Outside","FIREARM",343,"EASTERN","OLIVER",-76.5994686464,39.3051899378,null,"STREET",null,1
1524873600000,"21:00:00","1A","700 N COLLINGTON AV","HOMICIDE","Outside","FIREARM",321,"EASTERN","MIDDLE EAST",-76.5867253162,39.2991336822,null,"STREET","Eastern 2",1
1524700800000,"20:35:00","1A","2900 BELMONT AV","HOMICIDE","Outside","FIREARM",813,"SOUTHWEST","NORTHWEST COMMUNITY",-76.6659797072,39.3035252254,null,"STREET",null,1
1524700800000,"17:18:00","1A","2600 SHIRLEY AV","HOMICIDE","Outside","FIREARM",533,"NORTHERN","GREENSPRING",-76.6613568894,39.3350489254,null,"STREET",null,1
1524614400000,"19:20:00","1A","1600 CHURCH ST","HOMICIDE","Outside","FIREARM",911,"SOUTHERN","CURTIS BAY",-76.5877095049,39.2230400545,null,"STREET",null,1
1524355200000,"02:57:00","1A","2300 DRUID HILL AV","HOMICIDE","Outside","FIREARM",733,"WESTERN","PENN NORTH",-76.639026,39.311207,null,"STREET",null,1
1524268800000,"01:50:00","1A","6100 FORTVIEW WY","HOMICIDE","Outside","FIREARM",243,"SOUTHEAST","ODONNELL HEIGHTS",-76.542634,39.277712,null,"STREET",null,1
1524182400000,"18:29:00","1K","3500 3RD ST","HOMICIDE","Outside","KNIFE",913,"SOUTHERN","BROOKLYN",-76.6060741122,39.2397425546,null,"STREET","Brooklyn",1
1524182400000,"14:22:00","1A","1500 MADISON AV","HOMICIDE","Outside","FIREARM",132,"CENTRAL","BOLTON HILL",-76.6291454117,39.3048161075,null,"STREET",null,1
1524096000000,"11:10:00","1A","1700 N REGESTER ST","HOMICIDE","Outside","FIREARM",331,"EASTERN","BROADWAY EAST",-76.5940596205,39.3100798711,null,null,"Eastern 1",1
1524009600000,"20:37:00","1A","700 E 43RD ST","HOMICIDE","Outside","FIREARM",524,"NORTHERN","PEN LUCY",-76.6061466778,39.3419818138,null,null,null,1
1524009600000,"13:53:00","1A","1000 W LOMBARD ST","HOMICIDE","Outside","FIREARM",931,"SOUTHERN","HOLLINS PARK",-76.6337829611,39.2867990994,null,"STREET",null,1
1524009600000,"14:00:00","1A","1900 PENROSE AV","HOMICIDE","Outside","FIREARM",714,"WESTERN","PENROSE\/FAYETTE ST OUTREACH",-76.6477250975,39.2912942575,null,"STREET",null,1
1523923200000,"21:26:00","1A","800 HERNDON CT","HOMICIDE","Inside","FIREARM",913,"SOUTHERN","BROOKLYN",-76.601561,39.230112,null,"DWELLING",null,1
1523836800000,"16:04:00","1A","1700 E FEDERAL ST","HOMICIDE","Inside","FIREARM",331,"EASTERN","BROADWAY EAST",-76.5936393693,39.3085545649,null,"DWELLING","Eastern 1",1
1523836800000,"16:04:00","1A","1700 E FEDERAL ST","HOMICIDE","Inside","FIREARM",331,"EASTERN","BROADWAY EAST",-76.5936393693,39.3085545649,null,"DWELLING","Eastern 1",1
1523750400000,"13:45:00","1A","3800 W FRANKLIN ST","HOMICIDE","Outside","FIREARM",843,"SOUTHWEST","ALLENDALE",-76.679608,39.292589,null,"STREET",null,1
1523664000000,"23:30:00","1A","3900 W MULBERRY ST","HOMICIDE","Inside","FIREARM",843,"SOUTHWEST","ALLENDALE",-76.6816095699,39.2914576647,null,"DWELLING",null,1
1523664000000,"23:30:00","1A","3900 W MULBERRY ST","HOMICIDE","Inside","FIREARM",843,"SOUTHWEST","ALLENDALE",-76.6816095699,39.2914576647,null,"DWELLING",null,1
1523577600000,"23:14:00","1A","3000 RAYNER AV","HOMICIDE","Outside","FIREARM",814,"SOUTHWEST","FRANKLINTOWN ROAD",-76.666845,39.296487,null,"STREET",null,1
1523491200000,"16:00:00","1A","1400 CARROLL ST","HOMICIDE","Inside","FIREARM",932,"SOUTHERN","WASHINGTON VILLAGE",-76.636254,39.278317,null,"DWELLING",null,1
1523491200000,"21:37:00","1A","1000 HOLLINS ST","HOMICIDE","Inside","FIREARM",931,"SOUTHERN","HOLLINS PARK",-76.634349,39.287696,null,"DWELLING",null,1
1523491200000,"14:44:00","1A","1600 MORELAND AV","HOMICIDE","Outside","FIREARM",723,"WESTERN","COPPIN HEIGHTS\/ASHBU",-76.6558156919,39.3065138143,null,"STREET","Western",1
1523059200000,"23:59:00","1A","1900 EDMONDSON AV","HOMICIDE","Outside","FIREARM",722,"WESTERN","MIDTOWN EDMONDSON",-76.647349,39.295122,null,"STREET",null,1
1523059200000,"03:01:00","1A","1500 W BALTIMORE ST","HOMICIDE","Outside","FIREARM",711,"WESTERN","FRANKLIN SQUARE",-76.6411926476,39.2884574353,null,"STREET","Tri-District",1
1523059200000,"23:19:00","1A","2300 JEFFERSON ST","HOMICIDE","Outside","FIREARM",221,"SOUTHEAST",null,-76.58425,39.29667,null,"STREET",null,1
1522886400000,"04:12:00","1A","3400 HILLDALE PL","HOMICIDE","Inside","FIREARM",612,"NORTHWEST","PARK CIRCLE",-76.6567203654,39.3290122778,null,null,null,1
1522886400000,"21:55:00","1A","1600 E 25TH ST","HOMICIDE","Outside","FIREARM",342,"EASTERN","DARLEY PARK",-76.5953525258,39.3166663738,null,"STREET","Eastern 1",1
1522800000000,"11:49:00","1A","0 GORMAN AV","HOMICIDE","Inside","FIREARM",714,"WESTERN","PENROSE\/FAYETTE ST OUTREACH",-76.6536910978,39.2885896007,null,"DWELLING",null,1
1522800000000,"11:49:00","1A","0 GORMAN AV","HOMICIDE","Inside","FIREARM",714,"WESTERN","PENROSE\/FAYETTE ST OUTREACH",-76.6536910978,39.2885896007,null,"DWELLING",null,1
1522627200000,"16:30:00","1A","2300 BRYANT AV","HOMICIDE","Outside","FIREARM",732,"WESTERN","WOODBROOK",-76.648733,39.316846,null,"STREET","Western",1
1522627200000,"08:55:00","1O","5400 PLAINFIELD AV","HOMICIDE","Inside","OTHER",444,"NORTHEAST","FRANKFORD",-76.546091,39.335118,null,"DWELLING",null,1
1522627200000,"03:37:00","1A","5700 MORAVIA RD","HOMICIDE","Outside","FIREARM",443,"NORTHEAST","FRANKFORD",-76.547332,39.31972,null,"STREET",null,1
1522454400000,"01:10:00","1A","2600 LOYOLA SOUTHWAY","HOMICIDE","Inside","FIREARM",533,"NORTHERN","GREENSPRING",-76.662061,39.33692,null,"DWELLING",null,1
1522454400000,"01:10:00","1A","2600 LOYOLA SOUTHWAY","HOMICIDE","Inside","FIREARM",533,"NORTHERN","GREENSPRING",-76.662061,39.33692,null,"DWELLING",null,1
1522195200000,"22:13:00","1A","1700 N PAYSON ST","HOMICIDE","Outside","FIREARM",741,"WESTERN","EASTERWOOD",-76.6498242298,39.3079405355,null,"STREET","Western",1
1522195200000,"18:12:00","1K","4600 HARFORD RD","HOMICIDE","Inside","KNIFE",422,"NORTHEAST","LAURAVILLE",-76.5699274836,39.3423485978,null,"DWELLING",null,1
1522195200000,"22:09:00","1A","1600 CLIFTVIEW AV","HOMICIDE","Outside","FIREARM",342,"EASTERN","DARLEY PARK",-76.5955831671,39.315247955,null,"STREET","Eastern 1",1
1521936000000,"15:30:00","1A","5300 DENMORE AV","HOMICIDE","Outside","FIREARM",633,"NORTHWEST","WOODMERE",-76.6802486377,39.3493079351,null,"STREET",null,1
1521590400000,"23:40:00","1A","200 S GILMOR ST","HOMICIDE","Inside","FIREARM",935,"SOUTHERN","NEW SOUTHWEST\/MOUNT CLARE",-76.642235,39.285278,null,"DWELLING","Tri-District",1
1521504000000,"09:15:00","1A","3900 HILTON RD","HOMICIDE","Outside","FIREARM",643,"NORTHWEST","EAST ARLINGTON",-76.668708,39.329769,null,"STREET",null,1
1521417600000,"22:00:00","1A","2300 WESTWOOD AV","HOMICIDE","Outside","FIREARM",723,"WESTERN",null,-76.654086,39.308597,null,"STREET","Western",1
1521331200000,"21:47:00","1A","1800 MC CULLOH ST","HOMICIDE","Outside","FIREARM",131,"CENTRAL","MADISON PARK",-76.6328373864,39.3065918203,null,"STREET",null,1
1521158400000,"12:55:00","1A","2800 HILLEN RD","HOMICIDE","Outside","FIREARM",411,"NORTHEAST","COLDSTREAM HOMESTEAD",-76.5886680831,39.322984785,null,"STREET",null,1
1520899200000,"21:55:00","1K","4200 SEIDEL AV","HOMICIDE","Inside","KNIFE",443,"NORTHEAST","FRANKFORD",-76.563167,39.32991,null,"DWELLING",null,1
1520640000000,"13:15:00","1A","300 N MONROE ST","HOMICIDE","Outside","FIREARM",714,"WESTERN","PENROSE\/FAYETTE ST OUTREACH",-76.6471867703,39.292072395,null,"STREET",null,1
1520553600000,"20:40:00","1A","600 GUTMAN AV","HOMICIDE","Outside","FIREARM",342,"EASTERN","EAST BALTIMORE MIDWA",-76.607408,39.317788,null,"STREET",null,1
1520467200000,"14:31:00","1A","1100 E NORTH AV","HOMICIDE","Outside","FIREARM",342,"EASTERN","EAST BALTIMORE MIDWA",-76.6029819507,39.3117958836,null,"PARKING LOT","Eastern 1",1
1520208000000,"11:05:00","1A","1900 WILKENS AV","HOMICIDE","Outside","FIREARM",934,"SOUTHERN","CARROLLTON RIDGE",-76.6467845995,39.2820951729,null,"STREET","Tri-District",1
1520121600000,"22:00:00","1A","1100 HOMESTEAD ST","HOMICIDE","Inside","FIREARM",513,"NORTHERN","BETTER WAVERLY",-76.602218,39.324727,null,"DWELLING",null,1
1519689600000,"18:45:00","1A","5600 LOTHIAN RD","HOMICIDE","Outside","FIREARM",523,"NORTHERN","MID-GOVANS",-76.601609,39.357798,null,"STREET",null,1
1519689600000,"01:15:00","1O","1200 E BELVEDERE AV","HOMICIDE","Inside","OTHER",414,"NORTHEAST",null,-76.5932504654,39.3608056493,null,"DWELLING",null,1
1519603200000,"18:56:00","1A","3000 MAYFIELD AV","HOMICIDE","Outside","FIREARM",432,"NORTHEAST","BELAIR-EDISON",-76.5725908193,39.3223330933,null,"STREET","Northeastern",1
1519603200000,"18:38:00","1A","4100 6TH ST","HOMICIDE","Inside","FIREARM",913,"SOUTHERN","BROOKLYN",-76.602354,39.2299,null,"DWELLING",null,1
1519516800000,"16:58:00","1A","5100 PARK HEIGHTS AV","HOMICIDE","Outside","FIREARM",614,"NORTHWEST","CENTRAL PARK HEIGHTS",-76.6749091117,39.348435834,null,"STREET","Northwestern",1
1519516800000,"16:58:00","1A","5100 PARK HEIGHTS AV","HOMICIDE","Outside","FIREARM",614,"NORTHWEST","CENTRAL PARK HEIGHTS",-76.6749091117,39.348435834,null,"STREET","Northwestern",1
1519171200000,"20:11:00","1A","3800 OAKFORD AV","HOMICIDE","Outside","FIREARM",642,"NORTHWEST","DOLFIELD",-76.6796185118,39.336126926,null,"STREET",null,1
1519171200000,"13:29:00","1A","500 MC MECHEN ST","HOMICIDE","Outside","FIREARM",123,"CENTRAL","UPTON",-76.6315712945,39.304353741,null,"STREET","Central",1
1519171200000,"21:00:00","1A","200 N PAYSON ST","HOMICIDE","Outside","FIREARM",714,"WESTERN","PENROSE\/FAYETTE ST OUTREACH",-76.64884,39.290524,null,"STREET",null,1
1518998400000,"22:02:00","1A","3200 EASTERN AV","HOMICIDE","Inside","FIREARM",232,"SOUTHEAST","CANTON",-76.5709043888,39.2864501423,null,"COMMON BUSINESS",null,1
1518825600000,"23:24:00","1A","1700 N ELLAMONT ST","HOMICIDE","Outside","FIREARM",813,"SOUTHWEST","ROSEMONT",-76.6708547134,39.307173359,null,"STREET",null,1
1518652800000,"22:05:00","1A","4000 OLD YORK RD","HOMICIDE","Outside","FIREARM",542,"NORTHERN","PEN LUCY",-76.6076098229,39.3381263485,null,"PUBLIC AREA",null,1
1518480000000,"13:16:00","1A","3800 ELMLEY AV","HOMICIDE","Outside","FIREARM",432,"NORTHEAST","BELAIR-EDISON",-76.565549,39.317712,null,"STREET",null,1
1518480000000,"21:18:00","1A","6100 FRANKFORD AV","HOMICIDE","Outside","FIREARM",444,"NORTHEAST","FRANKFORD",-76.540076,39.318787,null,"STREET",null,1
1517616000000,"13:12:00","1A","1500 E LEXINGTON ST","HOMICIDE","Outside","FIREARM",212,"SOUTHEAST","DUNBAR",-76.597265,39.293633,null,"STREET",null,1
1517356800000,"18:01:00","1A","3600 N FRANKLINTOWN RD","HOMICIDE","Outside","FIREARM",821,"SOUTHWEST","GWYNNS FALLS\/LEAKIN PARK",-76.6769911776,39.3047960672,null,"PUBLIC AREA",null,1
1517270400000,"03:22:00","1A","4100 GROVELAND AV","HOMICIDE","Outside","FIREARM",621,"NORTHWEST","WEST ARLINGTON",-76.6873954598,39.3407890537,null,"STREET",null,1
1517097600000,"18:26:00","1A","1500 APPLETON ST","HOMICIDE","Outside","FIREARM",741,"WESTERN","EASTERWOOD",-76.6487533707,39.3057268577,null,"VEHICLE",null,1
1517097600000,"20:21:00","1A","3500 GWYNNS FALLS PKWY","HOMICIDE","Outside","FIREARM",641,"NORTHWEST","GARWYN OAKS",-76.6767925704,39.3142674909,null,"STREET",null,1
1517011200000,"18:53:00","1A","5300 CORDELIA AV","HOMICIDE","Outside","FIREARM",633,"NORTHWEST","ARLINGTON",-76.6836117406,39.3476830994,null,"STREET","Northwestern",1
1516924800000,"12:00:00","1O","1500 SPRUCE ST","HOMICIDE","Inside","OTHER",911,"SOUTHERN","CURTIS BAY",-76.5894160377,39.2298868059,null,"DWELLING",null,1
1516838400000,"23:10:00","1A","1600 CLIFTVIEW AV","HOMICIDE","Outside","FIREARM",342,"EASTERN","DARLEY PARK",-76.5955831671,39.315247955,null,"VEHICLE","Eastern 1",1
1516752000000,"20:35:00","1A","1000 BILLIE HOLIDAY CT","HOMICIDE","Inside","FIREARM",313,"EASTERN","GAY STREET",-76.596917,39.302096,null,"DWELLING",null,1
1516665600000,"12:51:00","1A","1300 DIVISION ST","HOMICIDE","Outside","FIREARM",123,"CENTRAL","UPTON",-76.629595,39.30114,null,"VEHICLE","Central",1
1516665600000,"12:51:00","1A","1300 DIVISION ST","HOMICIDE","Outside","FIREARM",123,"CENTRAL","UPTON",-76.629595,39.30114,null,"VEHICLE","Central",1
1516579200000,"22:32:00","1A","100 N FREMONT AV","HOMICIDE","Inside","FIREARM",712,"WESTERN","POPPLETON",-76.629854,39.290635,null,"DWELLING",null,1
1516492800000,"21:41:00","1A","2500 BOYD ST","HOMICIDE","Outside","FIREARM",842,"SOUTHWEST","SHIPLEY HILL",-76.6567139571,39.2862804383,null,"STREET",null,1
1516492800000,"16:27:00","1A","3400 AUCHENTOROLY TER","HOMICIDE","Outside","FIREARM",732,"WESTERN","WOODBROOK",-76.648087,39.318626,null,"STREET",null,1
1516406400000,"04:25:00","1A","500 GOLD ST","HOMICIDE","Outside","FIREARM",131,"CENTRAL","DRUID HEIGHTS",-76.637352,39.309055,null,"STREET",null,1
1516406400000,"11:28:00","1A","600 N DUNCAN ST","HOMICIDE","Inside","FIREARM",321,"EASTERN","MIDDLE EAST",-76.587186,39.297874,null,"COMMON BUSINESS",null,1
1516320000000,"21:33:00","1K","2300 ROBB ST","HOMICIDE","Inside","KNIFE",342,"EASTERN","EAST BALTIMORE MIDWA",-76.600325,39.316225,null,"DWELLING","Eastern 1",1
1515715200000,"11:33:00","1A","1600 W NORTH AV","HOMICIDE","Outside","FIREARM",733,"WESTERN","PENN NORTH",-76.6434050204,39.3100573905,null,"STREET","Western",1
1515715200000,"22:47:00","1A","2900 MOSHER ST","HOMICIDE","Outside","FIREARM",814,"SOUTHWEST","FRANKLINTOWN ROAD",-76.6658910574,39.299203419,null,"STREET",null,1
1515628800000,"00:53:00","1A","200 N HILTON ST","HOMICIDE","Outside","FIREARM",842,"SOUTHWEST","SAINT JOSEPHS",-76.6725296573,39.2895821721,null,"VEHICLE",null,1
1515542400000,"19:29:00","1A","1400 E COLD SPRING LA","HOMICIDE","Outside","FIREARM",413,"NORTHEAST","NEW NORTHWOOD",-76.593641,39.345909,null,"PARKING LOT",null,1
1515542400000,"10:24:00","1A","1400 MAY CT","HOMICIDE","Outside","FIREARM",212,"SOUTHEAST","DUNBAR",-76.59865,39.294296,null,"PUBLIC HOUSING",null,1
1515369600000,"12:34:00","1A","2600 W PATAPSCO AV","HOMICIDE","Outside","FIREARM",923,"SOUTHERN","LAKELAND",-76.6522032623,39.2528948282,null,"STREET",null,1
1515196800000,"07:52:00","1A","6100 MACBETH DR","HOMICIDE","Outside","FIREARM",522,"NORTHERN","GLEN OAKS",-76.5984639184,39.3677244379,null,"STREET",null,1
1514937600000,"17:54:00","1A","2000 LINDEN AV","HOMICIDE","Outside","FIREARM",133,"CENTRAL","RESERVOIR HILL",-76.6325103798,39.3106024036,null,"PARKING LOT",null,1
1514851200000,"23:48:00","1A","500 RICHWOOD AV","HOMICIDE","Outside","FIREARM",524,"NORTHERN","RICHNOR SPRINGS",-76.609585,39.347051,null,"STREET",null,1
1514764800000,"15:37:00","1A","2000 EAGLE ST","HOMICIDE","Outside","FIREARM",934,"SOUTHERN","CARROLLTON RIDGE",-76.647585,39.280938,null,"STREET",null,1
1514764800000,"17:30:00","1A","5100 GOODNOW RD","HOMICIDE","Outside","FIREARM",443,"NORTHEAST","FRANKFORD",-76.5437873023,39.3259984815,null,"PARKING LOT",null,1